{
	"ImportPath": "k8s.io/client-go/1.5",
	"GoVersion": "go1.6",
	"GodepVersion": "v74",
	"Packages": [
		"./..."
	],
	"Deps": [
		{
			"ImportPath": "cloud.google.com/go/compute/metadata",
			"Comment": "v0.1.0-115-g3b1ae45",
			"Rev": "3b1ae45394a234c385be014e9a488f2bb6eef821"
		},
		{
			"ImportPath": "cloud.google.com/go/internal",
			"Comment": "v0.1.0-115-g3b1ae45",
			"Rev": "3b1ae45394a234c385be014e9a488f2bb6eef821"
		},
		{
			"ImportPath": "github.com/PuerkitoBio/purell",
			"Comment": "v1.0.0",
			"Rev": "8a290539e2e8629dbc4e6bad948158f790ec31f4"
		},
		{
			"ImportPath": "github.com/PuerkitoBio/urlesc",
			"Rev": "5bd2802263f21d8788851d5305584c82a5c75d7e"
		},
		{
			"ImportPath": "github.com/blang/semver",
			"Comment": "v3.0.1",
			"Rev": "31b736133b98f26d5e078ec9eb591666edfd091f"
		},
		{
			"ImportPath": "github.com/coreos/go-oidc/http",
			"Rev": "5644a2f50e2d2d5ba0b474bc5bc55fea1925936d"
		},
		{
			"ImportPath": "github.com/coreos/go-oidc/jose",
			"Rev": "5644a2f50e2d2d5ba0b474bc5bc55fea1925936d"
		},
		{
			"ImportPath": "github.com/coreos/go-oidc/key",
			"Rev": "5644a2f50e2d2d5ba0b474bc5bc55fea1925936d"
		},
		{
			"ImportPath": "github.com/coreos/go-oidc/oauth2",
			"Rev": "5644a2f50e2d2d5ba0b474bc5bc55fea1925936d"
		},
		{
			"ImportPath": "github.com/coreos/go-oidc/oidc",
			"Rev": "5644a2f50e2d2d5ba0b474bc5bc55fea1925936d"
		},
		{
			"ImportPath": "github.com/coreos/pkg/health",
			"Comment": "v2-8-gfa29b1d",
			"Rev": "fa29b1d70f0beaddd4c7021607cc3c3be8ce94b8"
		},
		{
			"ImportPath": "github.com/coreos/pkg/httputil",
			"Comment": "v2-8-gfa29b1d",
			"Rev": "fa29b1d70f0beaddd4c7021607cc3c3be8ce94b8"
		},
		{
			"ImportPath": "github.com/coreos/pkg/timeutil",
			"Comment": "v2-8-gfa29b1d",
			"Rev": "fa29b1d70f0beaddd4c7021607cc3c3be8ce94b8"
		},
		{
			"ImportPath": "github.com/davecgh/go-spew/spew",
			"Rev": "5215b55f46b2b919f50a1df0eaa5886afe4e3b3d"
		},
		{
			"ImportPath": "github.com/docker/distribution/digest",
			"Comment": "v2.4.0-rc.1-38-gcd27f17",
			"Rev": "cd27f179f2c10c5d300e6d09025b538c475b0d51"
		},
		{
			"ImportPath": "github.com/docker/distribution/reference",
			"Comment": "v2.4.0-rc.1-38-gcd27f17",
			"Rev": "cd27f179f2c10c5d300e6d09025b538c475b0d51"
		},
		{
			"ImportPath": "github.com/emicklei/go-restful",
			"Comment": "v1.2-79-g89ef8af",
			"Rev": "89ef8af493ab468a45a42bb0d89a06fccdd2fb22"
		},
		{
			"ImportPath": "github.com/emicklei/go-restful/log",
			"Comment": "v1.2-79-g89ef8af",
			"Rev": "89ef8af493ab468a45a42bb0d89a06fccdd2fb22"
		},
		{
			"ImportPath": "github.com/emicklei/go-restful/swagger",
			"Comment": "v1.2-79-g89ef8af",
			"Rev": "89ef8af493ab468a45a42bb0d89a06fccdd2fb22"
		},
		{
			"ImportPath": "github.com/ghodss/yaml",
			"Rev": "73d445a93680fa1a78ae23a5839bad48f32ba1ee"
		},
		{
			"ImportPath": "github.com/go-openapi/jsonpointer",
			"Rev": "46af16f9f7b149af66e5d1bd010e3574dc06de98"
		},
		{
			"ImportPath": "github.com/go-openapi/jsonreference",
			"Rev": "13c6e3589ad90f49bd3e3bbe2c2cb3d7a4142272"
		},
		{
			"ImportPath": "github.com/go-openapi/spec",
			"Rev": "6aced65f8501fe1217321abf0749d354824ba2ff"
		},
		{
			"ImportPath": "github.com/go-openapi/swag",
			"Rev": "1d0bd113de87027671077d3c71eb3ac5d7dbba72"
		},
		{
			"ImportPath": "github.com/gogo/protobuf/proto",
			"Comment": "v0.2-33-ge18d7aa",
			"Rev": "e18d7aa8f8c624c915db340349aad4c49b10d173"
		},
		{
			"ImportPath": "github.com/gogo/protobuf/sortkeys",
			"Comment": "v0.2-33-ge18d7aa",
			"Rev": "e18d7aa8f8c624c915db340349aad4c49b10d173"
		},
		{
			"ImportPath": "github.com/golang/glog",
			"Rev": "44145f04b68cf362d9c4df2182967c2275eaefed"
		},
		{
			"ImportPath": "github.com/golang/groupcache/lru",
			"Rev": "02826c3e79038b59d737d3b1c0a1d937f71a4433"
		},
		{
			"ImportPath": "github.com/golang/protobuf/proto",
			"Rev": "8616e8ee5e20a1704615e6c8d7afcdac06087a67"
		},
		{
			"ImportPath": "github.com/google/gofuzz",
			"Rev": "bbcb9da2d746f8bdbd6a936686a0a6067ada0ec5"
		},
		{
			"ImportPath": "github.com/howeyc/gopass",
			"Rev": "3ca23474a7c7203e0a0a070fd33508f6efdb9b3d"
		},
		{
			"ImportPath": "github.com/imdario/mergo",
			"Comment": "0.1.3-8-g6633656",
			"Rev": "6633656539c1639d9d78127b7d47c622b5d7b6dc"
		},
		{
			"ImportPath": "github.com/jonboulle/clockwork",
			"Rev": "72f9bd7c4e0c2a40055ab3d0f09654f730cce982"
		},
		{
			"ImportPath": "github.com/juju/ratelimit",
			"Rev": "77ed1c8a01217656d2080ad51981f6e99adaa177"
		},
		{
			"ImportPath": "github.com/mailru/easyjson/buffer",
			"Rev": "d5b7844b561a7bc640052f1b935f7b800330d7e0"
		},
		{
			"ImportPath": "github.com/mailru/easyjson/jlexer",
			"Rev": "d5b7844b561a7bc640052f1b935f7b800330d7e0"
		},
		{
			"ImportPath": "github.com/mailru/easyjson/jwriter",
			"Rev": "d5b7844b561a7bc640052f1b935f7b800330d7e0"
		},
		{
			"ImportPath": "github.com/pborman/uuid",
			"Rev": "ca53cad383cad2479bbba7f7a1a05797ec1386e4"
		},
		{
			"ImportPath": "github.com/spf13/pflag",
			"Rev": "1560c1005499d61b80f865c04d39ca7505bf7f0b"
		},
		{
			"ImportPath": "github.com/ugorji/go/codec",
			"Rev": "f1f1a805ed361a0e078bb537e4ea78cd37dcf065"
		},
		{
			"ImportPath": "golang.org/x/crypto/ssh/terminal",
			"Rev": "1f22c0103821b9390939b6776727195525381532"
		},
		{
			"ImportPath": "golang.org/x/net/context",
			"Rev": "e90d6d0afc4c315a0d87a568ae68577cc15149a0"
		},
		{
			"ImportPath": "golang.org/x/net/context/ctxhttp",
			"Rev": "e90d6d0afc4c315a0d87a568ae68577cc15149a0"
		},
		{
			"ImportPath": "golang.org/x/net/http2",
			"Rev": "e90d6d0afc4c315a0d87a568ae68577cc15149a0"
		},
		{
			"ImportPath": "golang.org/x/net/http2/hpack",
			"Rev": "e90d6d0afc4c315a0d87a568ae68577cc15149a0"
		},
		{
			"ImportPath": "golang.org/x/net/idna",
			"Rev": "e90d6d0afc4c315a0d87a568ae68577cc15149a0"
		},
		{
			"ImportPath": "golang.org/x/net/lex/httplex",
			"Rev": "e90d6d0afc4c315a0d87a568ae68577cc15149a0"
		},
		{
			"ImportPath": "golang.org/x/oauth2",
			"Rev": "3c3a985cb79f52a3190fbc056984415ca6763d01"
		},
		{
			"ImportPath": "golang.org/x/oauth2/google",
			"Rev": "3c3a985cb79f52a3190fbc056984415ca6763d01"
		},
		{
			"ImportPath": "golang.org/x/oauth2/internal",
			"Rev": "3c3a985cb79f52a3190fbc056984415ca6763d01"
		},
		{
			"ImportPath": "golang.org/x/oauth2/jws",
			"Rev": "3c3a985cb79f52a3190fbc056984415ca6763d01"
		},
		{
			"ImportPath": "golang.org/x/oauth2/jwt",
			"Rev": "3c3a985cb79f52a3190fbc056984415ca6763d01"
		},
		{
			"ImportPath": "golang.org/x/sys/unix",
			"Rev": "9c60d1c508f5134d1ca726b4641db998f2523357"
		},
		{
			"ImportPath": "golang.org/x/text/cases",
			"Rev": "2910a502d2bf9e43193af9d68ca516529614eed3"
		},
		{
			"ImportPath": "golang.org/x/text/internal/tag",
			"Rev": "2910a502d2bf9e43193af9d68ca516529614eed3"
		},
		{
			"ImportPath": "golang.org/x/text/language",
			"Rev": "2910a502d2bf9e43193af9d68ca516529614eed3"
		},
		{
			"ImportPath": "golang.org/x/text/runes",
			"Rev": "2910a502d2bf9e43193af9d68ca516529614eed3"
		},
		{
			"ImportPath": "golang.org/x/text/secure/bidirule",
			"Rev": "2910a502d2bf9e43193af9d68ca516529614eed3"
		},
		{
			"ImportPath": "golang.org/x/text/secure/precis",
			"Rev": "2910a502d2bf9e43193af9d68ca516529614eed3"
		},
		{
			"ImportPath": "golang.org/x/text/transform",
			"Rev": "2910a502d2bf9e43193af9d68ca516529614eed3"
		},
		{
			"ImportPath": "golang.org/x/text/unicode/bidi",
			"Rev": "2910a502d2bf9e43193af9d68ca516529614eed3"
		},
		{
			"ImportPath": "golang.org/x/text/unicode/norm",
			"Rev": "2910a502d2bf9e43193af9d68ca516529614eed3"
		},
		{
			"ImportPath": "golang.org/x/text/width",
			"Rev": "2910a502d2bf9e43193af9d68ca516529614eed3"
		},
		{
			"ImportPath": "google.golang.org/appengine",
			"Rev": "4f7eeb5305a4ba1966344836ba4af9996b7b4e05"
		},
		{
			"ImportPath": "google.golang.org/appengine/internal",
			"Rev": "4f7eeb5305a4ba1966344836ba4af9996b7b4e05"
		},
		{
			"ImportPath": "google.golang.org/appengine/internal/app_identity",
			"Rev": "4f7eeb5305a4ba1966344836ba4af9996b7b4e05"
		},
		{
			"ImportPath": "google.golang.org/appengine/internal/base",
			"Rev": "4f7eeb5305a4ba1966344836ba4af9996b7b4e05"
		},
		{
			"ImportPath": "google.golang.org/appengine/internal/datastore",
			"Rev": "4f7eeb5305a4ba1966344836ba4af9996b7b4e05"
		},
		{
			"ImportPath": "google.golang.org/appengine/internal/log",
			"Rev": "4f7eeb5305a4ba1966344836ba4af9996b7b4e05"
		},
		{
			"ImportPath": "google.golang.org/appengine/internal/modules",
			"Rev": "4f7eeb5305a4ba1966344836ba4af9996b7b4e05"
		},
		{
			"ImportPath": "google.golang.org/appengine/internal/remote_api",
			"Rev": "4f7eeb5305a4ba1966344836ba4af9996b7b4e05"
		},
		{
			"ImportPath": "gopkg.in/inf.v0",
			"Comment": "v0.9.0",
			"Rev": "3887ee99ecf07df5b447e9b00d9c0b2adaa9f3e4"
		},
		{
			"ImportPath": "gopkg.in/yaml.v2",
			"Rev": "53feefa2559fb8dfa8d81baad31be332c97d6c77"
		}
	]
}
